author_id,name,writing_level,publisher_id
A0000001,Laura Barrett,830,P11
A0000002,Enzo Mcintyre,644,P18
A0000003,Kaila Powers,57,P18
A0000004,Mary Stafford,821,P2
A0000005,Sam Perez,825,P12
A0000006,Kaydence Nicholson,502,P10
A0000007,Ariel Garrett,758,P8
A0000008,Zara Norton,349,P5
A0000009,Nancy Ramirez,74,P5
A0000010,Crystal Cooley,296,P18
A0000011,Liberty Wolfe,189,P3
A0000012,Amber Gordon,640,P6
A0000013,Ashtyn Hull,231,P18
A0000014,Harry Booker,574,P2
A0000015,Damarion Nixon,828,P19
A0000016,Kaia Black,521,P4
A0000017,Hugh Wilson,467,P17
A0000018,Alfred Greer,902,P14
A0000019,Heath Benson,319,P2
A0000020,Kaleb Calhoun,310,P7
A0000021,Coby Haley,322,P5
A0000022,Layla Vance,918,P9
A0000023,Osvaldo Aguirre,439,P14
A0000024,Tabitha Gray,628,P12
A0000025,Mateo Ashley,131,P18
A0000026,Colin Bowen,171,P19
A0000027,Santos Kent,339,P13
A0000028,Howard Bullock,112,P7
A0000029,Allison Peters,872,P14
A0000030,Zara Eaton,144,P2
A0000031,Aden Mathews,180,P9
A0000032,Dana Lynch,676,P5
A0000033,Devon Riddle,801,P16
A0000034,Levi Banks,490,P10
A0000035,Paris Valencia,735,P17
A0000036,Soren Townsend,794,P17
A0000037,Khalil Pena,449,P11
A0000038,Skyler Deleon,596,P2
A0000039,Aurora Rose,299,P12
A0000040,Joselyn Fischer,487,P3
A0000041,Shirley Fox,411,P6
A0000042,Jaylan Malone,72,P13
A0000043,Dayton Ingram,461,P12
A0000044,Tara Henry,816,P17
A0000045,Jonathon Case,81,P20
A0000046,Ahmad Kennedy,718,P10
A0000047,Belinda Sullivan,161,P19
A0000048,Jaiden Kennedy,637,P17
A0000049,Estrella Rubio,627,P12
A0000050,Haley Underwood,522,P5
A0000051,Jayda Patel,585,P16
A0000052,Kaia Hess,923,P17
A0000053,Kailyn Webb,212,P20
A0000054,Rhett Yoder,947,P17
A0000055,Jadiel Collier,481,P18
A0000056,Itzel Morales,655,P9
A0000057,Kiara Swanson,519,P19
A0000058,Juliet Holloway,877,P7
A0000059,Jimena Pena,389,P4
A0000060,Parker Strong,135,P6
A0000061,Alexis Cox,887,P8
A0000062,Kylan Estrada,393,P17
A0000063,Jaycee Park,322,P11
A0000064,Cruz Good,793,P2
A0000065,Isaias Ross,503,P6
A0000066,Stanley Juarez,809,P19
A0000067,Halle Leblanc,439,P19
A0000068,Allen Gay,969,P17
A0000069,Kyra Cisneros,557,P16
A0000070,Jane Peterson,595,P1
A0000071,Kiana Browning,566,P11
A0000072,Blaze Odom,885,P2
A0000073,Selena Rice,336,P19
A0000074,Giancarlo Petty,120,P14
A0000075,Darwin Payne,83,P14
A0000076,Nola Hahn,776,P1
A0000077,Kyler Bridges,124,P5
A0000078,Virginia Burns,8,P12
A0000079,Naomi Herring,882,P11
A0000080,Arthur Parker,116,P4
A0000081,Marquis Ross,48,P9
A0000082,Rodney Preston,649,P2
A0000083,Kennedy Weiss,184,P4
A0000084,Sydnee Mendoza,428,P12
A0000085,Kaylynn Waters,89,P4
A0000086,Amber Hanna,121,P5
A0000087,Mohammed Cabrera,310,P12
A0000088,Rebecca Simmons,633,P11
A0000089,Gabriela Roberson,371,P19
A0000090,Gage Hogan,379,P10
A0000091,Christopher Hanna,389,P1
A0000092,Liana Hurst,703,P8
A0000093,Emelia Woodward,961,P17
A0000094,Terry Higgins,277,P18
A0000095,Jamarcus Sosa,394,P2
A0000096,Shyla Franco,485,P14
A0000097,Holly Dickson,464,P4
A0000098,Anya David,386,P15
A0000099,Jaiden Mckee,489,P3
A0000100,Jovanni Davila,367,P7
A0000101,Trystan Hale,756,P13
A0000102,Antoine Price,90,P11
A0000103,Aubrey Baird,614,P15
A0000104,Ruby Callahan,72,P4
A0000105,Nora Delgado,757,P19
A0000106,Izaiah Chase,253,P11
A0000107,Crystal Carson,131,P11
A0000108,Zackary Wyatt,180,P11
A0000109,Nyla Compton,897,P4
A0000110,Jaden Owens,399,P4
A0000111,Koen Gill,236,P15
A0000112,Kale Oneill,845,P4
A0000113,Lane Heath,440,P13
A0000114,Davion Ramos,147,P8
A0000115,Kole Holt,189,P3
A0000116,Nadia Howard,488,P18
A0000117,Esmeralda Doyle,669,P5
A0000118,Jair Gallegos,529,P20
A0000119,Paris Mckinney,542,P18
A0000120,Melody Adkins,546,P12
A0000121,Jasmin Zimmerman,668,P6
A0000122,Micah Ayers,308,P6
A0000123,Jabari Tucker,273,P18
A0000124,Justice King,30,P16
A0000125,Maliyah Yu,428,P8
A0000126,Braden Roy,202,P4
A0000127,Junior Davis,256,P17
A0000128,Quentin Zimmerman,130,P18
A0000129,Zaria Hull,620,P16
A0000130,Prince Vasquez,998,P15
A0000131,Ernest Frazier,645,P17
A0000132,Aisha Anderson,212,P18
A0000133,Jerry Cuevas,73,P20
A0000134,Van Harding,395,P6
A0000135,Elian Phillips,113,P5
A0000136,Frankie Mayo,736,P20
A0000137,Yasmin Frazier,112,P7
A0000138,Javon Good,217,P5
A0000139,Breanna Wilkins,971,P5
A0000140,Roman Douglas,747,P13
A0000141,Johanna Cantu,423,P6
A0000142,Alyson Maxwell,136,P2
A0000143,Amina Lawson,40,P14
A0000144,Maximo Malone,274,P1
A0000145,Alfred Hampton,290,P1
A0000146,Alexandria Pope,130,P20
A0000147,Marina Jimenez,72,P3
A0000148,Kailyn Mcdowell,477,P15
A0000149,Lillian Howe,520,P7
A0000150,Isabel Cervantes,297,P13
A0000151,Cierra Rivas,682,P16
A0000152,Jermaine Henry,345,P3
A0000153,Wilson Sellers,316,P9
A0000154,Sydney Lawrence,258,P10
A0000155,Tori Hoover,554,P13
A0000156,Dorian Wilcox,977,P12
A0000157,Ashley Rodriguez,448,P14
A0000158,Catalina Clements,904,P10
A0000159,Vanessa Fuller,786,P16
A0000160,Valery Simmons,314,P4
A0000161,Alexa Stevenson,469,P1
A0000162,Elsie Castillo,687,P11
A0000163,Breanna Hull,908,P9
A0000164,Bella Noble,808,P6
A0000165,Aylin Hayden,358,P14
A0000166,Marley Weaver,443,P10
A0000167,Larissa Brooks,477,P13
A0000168,Aiden Waters,250,P2
A0000169,Stella Crosby,376,P10
A0000170,Marc Bender,923,P15
A0000171,Donavan Bradford,327,P14
A0000172,Precious Shelton,546,P6
A0000173,Saul Curry,207,P12
A0000174,August Ray,435,P6
A0000175,Patricia Leblanc,65,P16
A0000176,Kylan Pham,794,P10
A0000177,Donna Cooley,498,P7
A0000178,Aidyn Blackwell,498,P14
A0000179,Shelby Coffey,787,P1
A0000180,Cade Monroe,914,P13
A0000181,Kianna Huang,385,P8
A0000182,Trevon Morrison,354,P1
A0000183,Jayleen Mcknight,552,P4
A0000184,Trevon Collier,73,P6
A0000185,Emanuel Mccall,340,P11
A0000186,Rowan Brennan,401,P20
A0000187,Van Wilkinson,480,P14
A0000188,Marley Lynch,333,P1
A0000189,Leah Cobb,347,P16
A0000190,Cory Lara,911,P15
A0000191,Caylee Mejia,346,P8
A0000192,Coby Bentley,286,P17
A0000193,Eva Drake,888,P8
A0000194,Rodney Ponce,296,P13
A0000195,Quinton Conley,944,P3
A0000196,Morgan Sloan,104,P14
A0000197,Alia Gould,586,P10
A0000198,Kailyn Dickson,402,P8
A0000199,Noelle Stanton,934,P14
A0000200,Caden Ferrell,655,P12
A0000201,Brycen Nixon,194,P5
A0000202,Haleigh Livingston,945,P9
A0000203,Zoey Ryan,428,P16
A0000204,Maria Eaton,22,P6
A0000205,Helena Patel,446,P7
A0000206,Jovani Kerr,294,P16
A0000207,Kaya Lin,713,P13
A0000208,Josue Gregory,539,P18
A0000209,Jamie Donovan,374,P3
A0000210,Maddison Russo,574,P9
A0000211,Alessandra Bray,804,P15
A0000212,Heath Gallagher,391,P11
A0000213,Tyson Crane,198,P3
A0000214,Harley Sherman,328,P17
A0000215,Luis Yates,257,P15
A0000216,Micah Luna,94,P14
A0000217,Ernesto Velez,457,P12
A0000218,Ramon Rosales,253,P18
A0000219,Braeden Moon,402,P11
A0000220,Brent Rivers,501,P3
A0000221,Miya Bullock,747,P4
A0000222,Marley Mclaughlin,363,P17
A0000223,Ryker Kent,877,P13
A0000224,Teagan Bowers,493,P12
A0000225,Alisa Fernandez,134,P18
A0000226,Zaire Mckenzie,532,P7
A0000227,Vaughn Barron,120,P9
A0000228,Amare Zimmerman,20,P17
A0000229,Francesca Castillo,307,P10
A0000230,Johnathan Mullen,367,P15
A0000231,Haleigh Rios,177,P5
A0000232,Kelsie Myers,613,P5
A0000233,Zion Glenn,792,P9
A0000234,Brynlee Hodge,12,P13
A0000235,Alijah Banks,694,P1
A0000236,Shirley Leblanc,891,P18
A0000237,Larissa Richard,460,P13
A0000238,John Davidson,755,P10
A0000239,Derick Walton,618,P1
A0000240,Donna Trujillo,61,P18
A0000241,Zaniyah Russell,28,P1
A0000242,Evie Guerrero,531,P5
A0000243,Yamilet Kim,862,P2
A0000244,Chaya Jenkins,765,P5
A0000245,Nikolas Carroll,644,P1
A0000246,Hannah Matthews,689,P14
A0000247,Ivy Gibson,744,P7
A0000248,Myah Carney,798,P20
A0000249,Dylan Bishop,833,P14
A0000250,Ana Tucker,464,P20
A0000251,Jordin Hooper,176,P10
A0000252,Valerie Barajas,808,P8
A0000253,Oscar Meyer,457,P5
A0000254,Coleman Waters,6,P4
A0000255,Kamari Blanchard,631,P18
A0000256,Kelvin Ross,373,P9
A0000257,Branson Gordon,567,P5
A0000258,Kyan Tapia,889,P7
A0000259,Mohammed Bowen,518,P14
A0000260,Dakota Chang,410,P5
A0000261,Yazmin Patrick,758,P8
A0000262,Brayden Morales,22,P7
A0000263,Aliza Gibson,264,P2
A0000264,Julie Hatfield,547,P6
A0000265,Cloe Vaughan,309,P11
A0000266,Carmelo Compton,964,P4
A0000267,Alena Riggs,853,P16
A0000268,Yoselin Webster,1,P11
A0000269,Bernard Mcmahon,417,P19
A0000270,Makenzie George,323,P5
A0000271,Remington Leon,918,P13
A0000272,Eli Ritter,732,P2
A0000273,Jovany Davis,389,P14
A0000274,Kaylin Price,965,P1
A0000275,Tara Boyer,962,P11
A0000276,Jewel Farmer,221,P19
A0000277,Jaylee Shelton,592,P3
A0000278,Albert Alvarado,341,P20
A0000279,Tania Gentry,366,P4
A0000280,Clarence Wong,954,P18
A0000281,Amari Cross,25,P9
A0000282,Taylor Mosley,15,P7
A0000283,Ellen Durham,651,P2
A0000284,Memphis Lloyd,95,P15
A0000285,Skye Haynes,950,P13
A0000286,Giovani Bauer,130,P3
A0000287,Harper Davenport,387,P2
A0000288,Erin Webb,448,P15
A0000289,Calvin Mcintosh,652,P9
A0000290,Averi Branch,677,P10
A0000291,Kenzie Arellano,289,P1
A0000292,Jaelyn Compton,510,P12
A0000293,Kyla Holt,238,P8
A0000294,Gia Pitts,533,P9
A0000295,Jamie Charles,645,P5
A0000296,Lena Crane,373,P19
A0000297,Ann Graham,570,P19
A0000298,Jeremiah Wells,154,P20
A0000299,Lina Phelps,618,P18
A0000300,Malaki Copeland,881,P17
A0000301,Kaylee Pham,938,P5
A0000302,Kenya Green,697,P10
A0000303,Amelie Thomas,293,P12
A0000304,Jewel Martin,610,P14
A0000305,Martha Schultz,788,P6
A0000306,Dennis Barton,482,P18
A0000307,Finley Figueroa,675,P7
A0000308,Aydan Cochran,992,P2
A0000309,Cole Erickson,139,P8
A0000310,Jaslyn Cole,684,P18
A0000311,Ireland Cameron,886,P9
A0000312,Aaden Dunn,184,P5
A0000313,Daphne Mayo,85,P13
A0000314,Nylah Sosa,272,P5
A0000315,Eric Huerta,548,P14
A0000316,Ainsley Jennings,904,P11
A0000317,Ashtyn Liu,468,P8
A0000318,Hannah Mckee,826,P6
A0000319,Rigoberto Christian,716,P20
A0000320,Gracelyn Fritz,607,P2
A0000321,Braden Lam,299,P13
A0000322,Emery Hendricks,946,P14
A0000323,Alaina Cochran,947,P6
A0000324,Kolby Zhang,734,P9
A0000325,Roland Ramirez,690,P9
A0000326,Marlene Sparks,784,P18
A0000327,Jeffrey Blake,141,P8
A0000328,Nikolas Sims,127,P3
A0000329,Kianna Hoffman,275,P17
A0000330,Felipe Oconnor,525,P6
A0000331,Kaliyah Cummings,747,P2
A0000332,Iris Porter,15,P14
A0000333,Savannah Buck,995,P14
A0000334,Casey Wilkins,630,P5
A0000335,Gabriela Bryan,698,P3
A0000336,Marley Middleton,220,P3
A0000337,Adam Mccarty,80,P3
A0000338,Andy Figueroa,359,P14
A0000339,Frida Parrish,77,P11
A0000340,Mercedes Pope,461,P19
A0000341,Jaylin Watson,475,P11
A0000342,Megan Cooper,696,P9
A0000343,Junior Ward,809,P4
A0000344,Conor Long,871,P11
A0000345,Aryanna Foley,471,P19
A0000346,Giselle Marshall,621,P8
A0000347,Dallas Wiley,540,P2
A0000348,Melvin Ferguson,793,P5
A0000349,Markus Thomas,687,P14
A0000350,Bryson Walter,351,P20
A0000351,Quentin Franklin,35,P14
A0000352,Joel Wall,145,P5
A0000353,Gracelyn Howell,604,P8
A0000354,Jazlyn Clark,639,P6
A0000355,Omari Warner,766,P19
A0000356,Gaige Rhodes,697,P16
A0000357,Mateo Joyce,642,P17
A0000358,Rihanna Sanford,752,P17
A0000359,Clarissa Silva,811,P9
A0000360,Reilly Dunlap,452,P14
A0000361,Lauryn Collier,344,P1
A0000362,India Macdonald,906,P11
A0000363,Octavio Randolph,51,P3
A0000364,Derek Murray,159,P17
A0000365,Mekhi Higgins,736,P4
A0000366,Ernest Armstrong,78,P9
A0000367,Aria Hudson,863,P7
A0000368,Aron Kirby,7,P7
A0000369,Evelin Robinson,352,P11
A0000370,Mckinley Maldonado,183,P20
A0000371,Ellie Carrillo,209,P8
A0000372,Prince Faulkner,846,P16
A0000373,Cordell Sandoval,225,P5
A0000374,Jaime Moyer,751,P2
A0000375,Alfredo Maldonado,407,P7
A0000376,Gia Lawson,884,P9
A0000377,Darian Serrano,711,P2
A0000378,Terrell Branch,250,P2
A0000379,Magdalena Bolton,667,P4
A0000380,Brennan Mitchell,34,P17
A0000381,Kash Cannon,451,P8
A0000382,Zayne Rubio,530,P8
A0000383,Jillian Kaiser,516,P14
A0000384,Hillary Galvan,634,P5
A0000385,Evelin Trevino,184,P15
A0000386,Alvin Sims,291,P17
A0000387,Randy Wells,32,P12
A0000388,Keely Todd,493,P1
A0000389,Livia Savage,175,P7
A0000390,Mila Friedman,310,P11
A0000391,Heath Ochoa,24,P7
A0000392,Eve Reynolds,298,P5
A0000393,Amiyah Hoffman,241,P17
A0000394,Rayne Stanton,642,P4
A0000395,Dominick Stokes,528,P19
A0000396,Karsyn Hines,758,P19
A0000397,Adalynn Abbott,470,P4
A0000398,Konnor Anthony,575,P12
A0000399,Philip Camacho,925,P8
A0000400,Leon Orr,627,P7
A0000401,Joaquin Brandt,715,P15
A0000402,Jaydin Barajas,53,P6
A0000403,Hunter House,769,P6
A0000404,Kristopher Velazquez,92,P7
A0000405,Edith Tate,388,P2
A0000406,Hailee Brown,154,P7
A0000407,Oliver Blanchard,378,P9
A0000408,Madilynn Kelley,339,P2
A0000409,Theodore Bolton,233,P20
A0000410,Rubi Travis,243,P5
A0000411,Leonard Krause,655,P1
A0000412,Todd Vance,479,P6
A0000413,Brice Grant,623,P1
A0000414,Myles Zamora,837,P11
A0000415,Tiara Cantrell,890,P10
A0000416,Ralph Gallagher,128,P9
A0000417,Kayleigh Baird,879,P14
A0000418,Olivia Freeman,882,P15
A0000419,Lyric Blake,10,P12
A0000420,Cohen Banks,670,P15
A0000421,Lyric Beck,185,P6
A0000422,Madilynn Gallegos,558,P16
A0000423,Jay Richard,453,P9
A0000424,Gloria Buck,197,P13
A0000425,Audrina Parsons,635,P11
A0000426,Araceli Anderson,317,P15
A0000427,Brayden Stanley,258,P7
A0000428,Cierra Clark,666,P20
A0000429,Krista Woodward,254,P11
A0000430,Breanna Lin,844,P19
A0000431,Cason Cook,441,P20
A0000432,Izaiah Farrell,295,P20
A0000433,Malia Alexander,270,P18
A0000434,Remington Robertson,98,P4
A0000435,Henry Blackwell,868,P12
A0000436,Giselle Brandt,160,P2
A0000437,Jakobe Hodges,726,P2
A0000438,Dayana Sanford,383,P7
A0000439,Beau Stout,818,P4
A0000440,Taniyah Crosby,4,P2
A0000441,King Cochran,954,P12
A0000442,Jayla Mullins,443,P12
A0000443,Kassandra Vargas,136,P2
A0000444,Ashlynn Lopez,515,P3
A0000445,Mary Dunlap,865,P8
A0000446,Deshawn Garner,197,P19
A0000447,Jermaine Ward,379,P8
A0000448,Mike Jordan,622,P20
A0000449,Reagan Mendoza,240,P7
A0000450,Troy Andrews,874,P8
A0000451,Maximillian Whitaker,622,P7
A0000452,Randy Stokes,93,P4
A0000453,Nylah Martin,403,P7
A0000454,Jamison Greene,418,P19
A0000455,Jaqueline Cooper,621,P15
A0000456,Pamela Wagner,764,P4
A0000457,Corey Montoya,382,P17
A0000458,Jaydon Valenzuela,399,P10
A0000459,Taliyah Friedman,909,P19
A0000460,Mila Conway,12,P11
A0000461,Patience Giles,355,P17
A0000462,Michael Duncan,186,P15
A0000463,Aryanna Hardin,486,P10
A0000464,Donald Owens,265,P20
A0000465,Davion Archer,802,P18
A0000466,Ashton Terrell,334,P2
A0000467,Cadence Lindsey,521,P3
A0000468,Taryn Werner,438,P19
A0000469,Misael Simpson,405,P7
A0000470,Dania King,155,P12
A0000471,Asia Daugherty,423,P1
A0000472,Liberty Stevens,346,P2
A0000473,Carmelo Price,697,P4
A0000474,Katelynn Schwartz,472,P11
A0000475,Matthias Anderson,833,P2
A0000476,Elaine Jimenez,865,P11
A0000477,Maria Buckley,444,P3
A0000478,Reuben Blair,610,P11
A0000479,Kaya David,279,P4
A0000480,Alan Walsh,890,P7
A0000481,Linda Sutton,903,P18
A0000482,Mckayla Durham,999,P4
A0000483,Ethan Newman,32,P10
A0000484,Charlotte Powers,423,P8
A0000485,Matilda Montes,849,P10
A0000486,Carlos Proctor,356,P13
A0000487,Alivia Mosley,701,P6
A0000488,Shiloh Proctor,431,P10
A0000489,Armani Baker,926,P12
A0000490,Tyrese Gibson,28,P5
A0000491,Kyleigh Stokes,442,P3
A0000492,Jake Lloyd,948,P1
A0000493,Marie Reilly,200,P11
A0000494,Delaney Mack,394,P1
A0000495,Ryder Vargas,266,P3
A0000496,Kenyon Hancock,968,P8
A0000497,Jamarcus Hampton,841,P13
A0000498,Renee Contreras,255,P16
A0000499,Marlie Freeman,687,P4
A0000500,Ciara Strong,58,P5
A0000501,Maci Campbell,789,P6
A0000502,Lorelei Vazquez,910,P5
A0000503,Rayna Garcia,5,P1
A0000504,Kassidy Gillespie,706,P4
A0000505,Gunner Roberson,291,P11
A0000506,Naima Ferguson,768,P15
A0000507,Gianna Huber,479,P10
A0000508,Sophie Cochran,206,P3
A0000509,Aliyah Burch,462,P3
A0000510,Wyatt Valentine,833,P9
A0000511,Fisher Frank,439,P10
A0000512,Demetrius Richard,527,P17
A0000513,Sariah Potts,289,P13
A0000514,Cyrus Oliver,492,P3
A0000515,Athena Ferguson,208,P20
A0000516,Sonia Huffman,904,P6
A0000517,Layla Byrd,345,P11
A0000518,Carley Herman,517,P9
A0000519,Irene Sherman,261,P16
A0000520,Edwin Suarez,281,P6
A0000521,Luka Good,51,P20
A0000522,Rylan Pruitt,288,P6
A0000523,Kenny Skinner,540,P10
A0000524,Cassius Ray,463,P1
A0000525,Aldo Skinner,618,P7
A0000526,Kelvin Cohen,396,P6
A0000527,Allison Chaney,62,P19
A0000528,Enrique Hartman,964,P7
A0000529,German Mejia,624,P4
A0000530,Elsie Parker,851,P16
A0000531,Lia Holden,198,P14
A0000532,Leilani Sanchez,383,P6
A0000533,Lilian Hayes,817,P7
A0000534,Curtis Randolph,870,P7
A0000535,Lillie Sosa,965,P20
A0000536,Olivia Simpson,835,P19
A0000537,Billy Ballard,814,P19
A0000538,Jimena Chase,653,P18
A0000539,Jerimiah Perez,442,P16
A0000540,Dale Patton,103,P12
A0000541,Rayna Webb,446,P19
A0000542,Muhammad Patterson,14,P13
A0000543,Izayah Thompson,723,P8
A0000544,Zoie Ware,855,P3
A0000545,Oswaldo Strong,443,P17
A0000546,Karla Ward,120,P14
A0000547,Myles Higgins,561,P14
A0000548,Jada Gonzalez,506,P18
A0000549,Mylee Fischer,157,P7
A0000550,Aden Frey,188,P14
A0000551,Milagros Yang,538,P6
A0000552,Lillie Wright,488,P6
A0000553,Alfred Graham,727,P17
A0000554,Chris Hensley,722,P13
A0000555,Presley Mckenzie,287,P7
A0000556,Mekhi Bradshaw,336,P8
A0000557,Aryana Hanson,485,P18
A0000558,Meredith Melendez,308,P3
A0000559,Heaven Leonard,342,P19
A0000560,Amiyah Nelson,905,P5
A0000561,Kade Salas,883,P8
A0000562,Dean Sloan,358,P4
A0000563,Jamir Peterson,965,P7
A0000564,Alessandra Huffman,795,P3
A0000565,Moses Brown,754,P20
A0000566,Jillian Copeland,505,P10
A0000567,Aryana Burton,215,P19
A0000568,Emelia Green,768,P15
A0000569,Sean Proctor,323,P14
A0000570,Grant Lane,248,P14
A0000571,Derrick Kline,961,P4
A0000572,Violet Maldonado,64,P10
A0000573,Leland Austin,840,P13
A0000574,Edgar Herman,366,P14
A0000575,Felicity Ali,89,P1
A0000576,Toby Waller,448,P11
A0000577,Matias Petty,790,P18
A0000578,Monica Burke,132,P20
A0000579,Cooper Harrell,148,P10
A0000580,Samir Baker,877,P1
A0000581,Lizbeth Ochoa,414,P1
A0000582,Itzel Gibson,347,P14
A0000583,Helena Khan,57,P10
A0000584,Christopher Jimenez,754,P4
A0000585,Jordyn Mcclure,474,P16
A0000586,Marco Sweeney,277,P16
A0000587,Connor Calderon,950,P9
A0000588,Aniyah Bowers,544,P13
A0000589,Tobias Walter,240,P3
A0000590,Riley Ramos,86,P20
A0000591,Eli Livingston,600,P20
A0000592,Messiah Hartman,795,P19
A0000593,Ryder Hunter,675,P15
A0000594,Kaya Wolf,312,P9
A0000595,Autumn Khan,368,P13
A0000596,Aden Travis,142,P6
A0000597,Braedon Watts,934,P12
A0000598,Owen Perry,881,P9
A0000599,Mike Hines,360,P20
A0000600,Ignacio Mccormick,339,P11
A0000601,Naomi Cummings,5,P20
A0000602,Javier Mcgrath,345,P16
A0000603,Amelie Salazar,260,P9
A0000604,Malachi Larson,271,P6
A0000605,Leo Cortez,175,P3
A0000606,Charlie Waters,393,P17
A0000607,Calvin Donaldson,531,P9
A0000608,Liana Scott,225,P9
A0000609,Zara Farmer,418,P14
A0000610,Broderick Morris,359,P19
A0000611,Matilda Anthony,912,P10
A0000612,Erin Welch,755,P19
A0000613,Jagger Mcguire,805,P1
A0000614,Kade Blake,134,P6
A0000615,Laylah Sparks,225,P12
A0000616,Jenna Sparks,192,P19
A0000617,Giuliana Bishop,143,P15
A0000618,Zachary Calderon,653,P7
A0000619,Paityn Sellers,908,P9
A0000620,Anton Mcintosh,145,P2
A0000621,Sanaa Michael,81,P13
A0000622,Molly Schultz,364,P16
A0000623,Naomi Foley,97,P18
A0000624,Marie Riggs,435,P6
A0000625,Micaela Morgan,3,P4
A0000626,Karen Fitzpatrick,859,P19
A0000627,Isla Mccarthy,635,P2
A0000628,Boston Villarreal,633,P7
A0000629,Robert Crosby,476,P7
A0000630,Makenna Whitney,247,P6
A0000631,Jorge Miles,340,P20
A0000632,Lilyana Shaffer,671,P13
A0000633,Paige Roth,658,P10
A0000634,Dayanara Vance,281,P3
A0000635,Luka Jefferson,139,P18
A0000636,Karissa Hester,144,P5
A0000637,Marianna Hawkins,535,P18
A0000638,Hayden Sweeney,183,P2
A0000639,Jadiel Novak,104,P1
A0000640,Cadence Barker,782,P14
A0000641,Taliyah Branch,758,P17
A0000642,Brent Peck,529,P12
A0000643,Jose Vincent,292,P16
A0000644,Pierre Gould,707,P2
A0000645,Natasha Vang,526,P19
A0000646,Khalil Reynolds,792,P15
A0000647,Callie Green,471,P14
A0000648,Rhianna Saunders,628,P13
A0000649,Emery Curtis,88,P4
A0000650,Zoe Valdez,945,P10
A0000651,Aliana Friedman,273,P8
A0000652,Brendon Sawyer,417,P16
A0000653,Carlee Solis,502,P16
A0000654,Kennedi Beard,47,P7
A0000655,Andre Arroyo,807,P3
A0000656,Quinn Stuart,552,P17
A0000657,Elian Bates,504,P8
A0000658,Easton Kent,297,P6
A0000659,Lindsay Travis,372,P8
A0000660,Braylon Villa,836,P10
A0000661,Elisa Combs,945,P12
A0000662,Azul Lewis,375,P3
A0000663,Damien Guzman,19,P12
A0000664,Alan Lutz,92,P16
A0000665,Nathanael Dawson,146,P10
A0000666,Colt Miranda,979,P17
A0000667,Alvin Riggs,748,P12
A0000668,Roland Hodges,838,P19
A0000669,Lilly Maddox,87,P10
A0000670,Anabella Harrison,403,P7
A0000671,Quinton Chaney,393,P18
A0000672,Harper Long,775,P17
A0000673,Addisyn Leach,835,P10
A0000674,Dorian Knapp,119,P9
A0000675,Maggie Ellis,383,P10
A0000676,Crystal Koch,284,P3
A0000677,Valeria Nielsen,901,P1
A0000678,Laney Stanton,262,P6
A0000679,Cullen Roberts,539,P7
A0000680,Emery Mayo,647,P17
A0000681,Trace Caldwell,13,P20
A0000682,Korbin Miranda,878,P16
A0000683,Kaiya Camacho,429,P2
A0000684,Katelyn Gamble,53,P16
A0000685,Heath Crane,622,P8
A0000686,Paul Dickerson,589,P7
A0000687,Braeden Mcdaniel,742,P12
A0000688,Quinn Rios,395,P20
A0000689,Evie Singh,121,P7
A0000690,Cason Hanson,500,P14
A0000691,Cade Gibson,355,P19
A0000692,Patrick Shah,929,P9
A0000693,Joel Sullivan,754,P11
A0000694,Irvin Knapp,156,P20
A0000695,Bryce Foley,419,P4
A0000696,Hugo Velasquez,576,P7
A0000697,Mariyah Riggs,28,P18
A0000698,Clay Salinas,324,P7
A0000699,Patrick Waters,77,P6
A0000700,Aldo Carey,959,P7
A0000701,Valentina Frey,865,P1
A0000702,Makhi Solis,101,P10
A0000703,Kaitlin Spence,840,P12
A0000704,Leslie Owens,191,P1
A0000705,Joel Sosa,73,P8
A0000706,Jaycee Powell,280,P10
A0000707,Leticia Lindsey,8,P15
A0000708,Roger Harmon,605,P13
A0000709,Kaia Olsen,891,P12
A0000710,Iyana Flores,472,P18
A0000711,Lana Henry,61,P6
A0000712,Maverick Wolfe,39,P13
A0000713,Jordan Gordon,575,P13
A0000714,Carlos Maxwell,499,P15
A0000715,Franco Esparza,73,P17
A0000716,Amiya Bailey,247,P15
A0000717,Kendrick Ramsey,965,P13
A0000718,Paisley Lucero,999,P19
A0000719,Denisse Silva,377,P9
A0000720,Dante Chung,798,P4
A0000721,Rey Gamble,469,P3
A0000722,Kadence Rich,806,P9
A0000723,Skyler Mejia,19,P13
A0000724,Angeline Montes,501,P15
A0000725,Paityn Combs,79,P13
A0000726,Erick Dennis,729,P6
A0000727,Kathryn Bauer,971,P12
A0000728,Jude Pena,661,P15
A0000729,Sean Yang,322,P13
A0000730,Skylar Walter,544,P17
A0000731,Hillary Bond,13,P16
A0000732,Jameson Bryan,593,P14
A0000733,Desmond Mccall,909,P3
A0000734,Jamie Shelton,745,P17
A0000735,Maurice Dominguez,343,P17
A0000736,Payton Waller,664,P11
A0000737,Trace Friedman,958,P20
A0000738,Sean Hoover,881,P3
A0000739,Holden Gregory,390,P19
A0000740,Bria Dillon,513,P8
A0000741,Bridget Hanna,277,P8
A0000742,Sage Hester,426,P5
A0000743,Jaquan Ferrell,960,P19
A0000744,Jake Allen,207,P15
A0000745,Pierce Charles,145,P11
A0000746,Killian Montes,790,P11
A0000747,Bryson Rojas,464,P15
A0000748,Aaden Roy,91,P18
A0000749,Kamari Rodgers,390,P14
A0000750,Michael Mccann,249,P4
A0000751,Vaughn Petty,685,P7
A0000752,Javion Graves,414,P2
A0000753,Cedric Woods,847,P15
A0000754,Taniya Henry,128,P10
A0000755,Nola Erickson,503,P5
A0000756,Charlotte Casey,403,P10
A0000757,Adolfo Frazier,752,P10
A0000758,Leila Ware,221,P5
A0000759,Santos Leon,820,P12
A0000760,Abby Garrett,355,P15
A0000761,Marissa Weeks,852,P9
A0000762,Dillan Townsend,174,P8
A0000763,Harley Acosta,710,P11
A0000764,Garrett Mercado,820,P1
A0000765,Darion Holt,260,P9
A0000766,Gaven Decker,412,P20
A0000767,Brian Cameron,656,P18
A0000768,Jonah Hebert,299,P6
A0000769,Ben Walters,923,P9
A0000770,Orlando Snow,734,P16
A0000771,Ciara Velazquez,977,P20
A0000772,Roland Bowers,713,P5
A0000773,Keith Pennington,322,P17
A0000774,Briana Christensen,964,P10
A0000775,Donald Estes,45,P15
A0000776,Shyann Long,356,P10
A0000777,Kylie Shaw,472,P1
A0000778,Sam Strickland,734,P17
A0000779,Ashly Riley,480,P2
A0000780,Kasey Irwin,897,P11
A0000781,Aspen Mullen,946,P8
A0000782,Nathalia Monroe,198,P12
A0000783,Lukas Brandt,104,P9
A0000784,Patricia Lara,416,P15
A0000785,Gracelyn Harrison,948,P4
A0000786,Layton Blair,29,P6
A0000787,Kasen Booth,650,P1
A0000788,Cale Watson,658,P15
A0000789,Kylan Steele,533,P12
A0000790,Griffin Floyd,7,P9
A0000791,Landen Pratt,311,P15
A0000792,Dakota Washington,522,P5
A0000793,Irene Ortiz,889,P5
A0000794,Antoine Shannon,694,P6
A0000795,Taylor Hickman,106,P9
A0000796,Evie Brown,912,P4
A0000797,Linda Bush,729,P7
A0000798,Jase Mckee,364,P1
A0000799,Cory Mcclure,402,P14
A0000800,Mackenzie Bonilla,921,P4
A0000801,Mateo Joyce,865,P16
A0000802,Hamza Gross,830,P12
A0000803,Bridget Ballard,837,P6
A0000804,Dayana Lambert,884,P12
A0000805,Marley Craig,193,P15
A0000806,Daniel Harris,515,P3
A0000807,Jaxson Stone,899,P10
A0000808,Augustus Vargas,384,P4
A0000809,Korbin Glass,841,P6
A0000810,Mohammed Fry,667,P3
A0000811,Tristin Thomas,274,P15
A0000812,Camille Skinner,486,P18
A0000813,Litzy Benton,413,P10
A0000814,Kirsten Nelson,882,P1
A0000815,Skylar Rice,89,P19
A0000816,Christopher Austin,327,P10
A0000817,Drake Odonnell,623,P3
A0000818,Nina Hebert,708,P3
A0000819,Alan Bright,335,P15
A0000820,Destinee Bowers,702,P18
A0000821,Pedro Keith,1000,P14
A0000822,Alina Curtis,620,P11
A0000823,Carissa Gallegos,394,P5
A0000824,Alfonso Cooke,127,P19
A0000825,Charity Tyler,700,P11
A0000826,Clayton Gibbs,576,P19
A0000827,Briley Arias,396,P19
A0000828,Charlie Butler,731,P15
A0000829,Dennis Conrad,934,P7
A0000830,Crystal Mcclure,94,P14
A0000831,Corey Kirby,700,P14
A0000832,Davian Delacruz,614,P6
A0000833,Allen Barber,196,P4
A0000834,Cara Carter,38,P14
A0000835,Elijah Phelps,600,P11
A0000836,Nathanial Nielsen,302,P14
A0000837,Anabel Rose,609,P3
A0000838,Liberty Parrish,113,P19
A0000839,Maya Ray,619,P3
A0000840,Alejandra Thornton,690,P14
A0000841,Jackson Mayo,223,P4
A0000842,Nicolas Fritz,996,P18
A0000843,Fatima Wolf,606,P5
A0000844,Quinn Brennan,235,P5
A0000845,Hailie Hickman,773,P5
A0000846,Helena Wilkinson,283,P17
A0000847,Michael Sims,584,P18
A0000848,Autumn Beard,304,P11
A0000849,Rishi Wong,844,P2
A0000850,Tucker Fox,225,P9
A0000851,Sienna Schroeder,681,P17
A0000852,Makenna Chambers,921,P15
A0000853,Isaias Stanley,533,P1
A0000854,Francesca Graves,889,P12
A0000855,Katherine Macias,587,P19
A0000856,Kamila Dean,825,P1
A0000857,Alonso Oneal,486,P9
A0000858,Waylon Friedman,290,P2
A0000859,Wayne Hubbard,817,P12
A0000860,Felicity Stanton,61,P13
A0000861,Elliot Sherman,590,P11
A0000862,Quinn Brandt,316,P6
A0000863,Davon Roman,853,P11
A0000864,Jaron Carson,916,P9
A0000865,Hayden Vance,120,P10
A0000866,Houston Morales,400,P15
A0000867,Valery Suarez,205,P1
A0000868,Isis Atkinson,1000,P11
A0000869,Kayden Francis,338,P12
A0000870,Jensen Jimenez,684,P10
A0000871,Perla Willis,649,P17
A0000872,Skyla Mcpherson,300,P2
A0000873,Willie Everett,126,P9
A0000874,Stacy Villa,89,P14
A0000875,Soren Tanner,778,P8
A0000876,Lina Hayden,447,P10
A0000877,Johan Levy,617,P10
A0000878,Rogelio Colon,516,P14
A0000879,Haylee Ramsey,789,P7
A0000880,Fiona Mullen,405,P14
A0000881,Krystal Landry,524,P11
A0000882,Addisyn Rowe,741,P6
A0000883,Mollie Reeves,622,P10
A0000884,Drake Morgan,391,P10
A0000885,Aliza Sosa,653,P9
A0000886,Camilla Trujillo,339,P1
A0000887,Heath Jarvis,923,P8
A0000888,Kenny Blair,804,P3
A0000889,Paloma Monroe,530,P19
A0000890,Madisyn Ochoa,116,P13
A0000891,Sasha Bell,694,P7
A0000892,Lola Riddle,273,P7
A0000893,Reilly Faulkner,324,P20
A0000894,Kenna Haynes,404,P15
A0000895,Wendy Boone,724,P17
A0000896,Yael Lam,449,P4
A0000897,Abdiel Mccarthy,862,P18
A0000898,Rory Ashley,711,P17
A0000899,Darnell Gilmore,121,P6
A0000900,Chanel Clarke,663,P11
A0000901,Talia Gillespie,195,P4
A0000902,Cailyn Webb,993,P6
A0000903,Amirah Hansen,905,P14
A0000904,Memphis Mueller,856,P3
A0000905,Kai Lin,411,P4
A0000906,Antony Chambers,287,P13
A0000907,Camron Avila,129,P9
A0000908,Annika Ellison,902,P2
A0000909,Carson Kidd,885,P9
A0000910,Cecelia Mendoza,336,P9
A0000911,Camren Duran,437,P10
A0000912,Claire Kemp,680,P2
A0000913,Carson Vaughan,808,P11
A0000914,Allisson Fritz,607,P13
A0000915,Alfonso Curtis,749,P17
A0000916,Derek Dalton,803,P12
A0000917,Ronin Velazquez,854,P10
A0000918,Jaslyn Rodriguez,416,P10
A0000919,Francis Lambert,506,P12
A0000920,Bryanna Acevedo,134,P14
A0000921,Angelina Mckenzie,917,P2
A0000922,Kristian Valenzuela,34,P18
A0000923,Shannon Weiss,140,P14
A0000924,Ian Stewart,47,P18
A0000925,Leonidas Collins,612,P14
A0000926,Eliana Preston,899,P15
A0000927,Rose Mclean,967,P18
A0000928,Brian Poole,929,P10
A0000929,Areli Kidd,574,P13
A0000930,Joyce Boone,23,P10
A0000931,Allison Orozco,174,P4
A0000932,Kimberly Weiss,510,P1
A0000933,Quintin Esparza,339,P16
A0000934,Mohammed Wallace,27,P16
A0000935,Marco Cordova,48,P5
A0000936,Andy Russell,376,P11
A0000937,Ishaan Hawkins,903,P1
A0000938,Siena Friedman,978,P14
A0000939,Marely Middleton,480,P8
A0000940,Melody Cabrera,811,P19
A0000941,Maci Diaz,8,P9
A0000942,Lainey Norman,641,P2
A0000943,Ryder Zuniga,210,P5
A0000944,Jazmine Bright,150,P8
A0000945,Sydnee Parker,897,P9
A0000946,Javion Stewart,523,P12
A0000947,Brooklyn Braun,757,P17
A0000948,Angel Martinez,446,P4
A0000949,Delaney Pratt,82,P9
A0000950,Kamora Fritz,215,P18
A0000951,Carlie Bird,648,P10
A0000952,Lyla Hahn,874,P14
A0000953,Allyson Delgado,162,P4
A0000954,Eddie Small,474,P4
A0000955,Jesus Hobbs,446,P6
A0000956,Susan Warren,3,P18
A0000957,Makenna Gardner,573,P1
A0000958,Kimora Mendoza,841,P6
A0000959,Joselyn Bell,163,P17
A0000960,Rolando Mcdowell,353,P12
A0000961,Lesly Murphy,160,P6
A0000962,Jordan Spence,620,P11
A0000963,Ana Kelley,425,P3
A0000964,Javier Campbell,322,P14
A0000965,Clark Bond,180,P16
A0000966,Kali Gonzales,174,P8
A0000967,Angel Buckley,578,P16
A0000968,Leanna Schroeder,263,P5
A0000969,Cody Brandt,141,P13
A0000970,Mariela Vargas,755,P17
A0000971,Camren Carr,334,P2
A0000972,Alex Lucero,93,P12
A0000973,Krish Frederick,675,P4
A0000974,Everett Atkins,51,P8
A0000975,Jeffery Figueroa,884,P9
A0000976,Yael Vincent,997,P15
A0000977,Edith Mahoney,336,P4
A0000978,Kolton Marsh,703,P5
A0000979,Elizabeth Levine,988,P12
A0000980,Rey Mathews,599,P8
A0000981,Noemi Armstrong,686,P18
A0000982,Macie Stokes,560,P19
A0000983,Darryl Phillips,454,P6
A0000984,Pierce Johnston,985,P20
A0000985,Julius Cantu,655,P9
A0000986,Abagail Marshall,165,P17
A0000987,Rihanna Wilkerson,480,P14
A0000988,Ally Erickson,366,P12
A0000989,Vaughn Glenn,889,P11
A0000990,Luka Pope,218,P12
A0000991,Sariah Shields,1000,P4
A0000992,Leon Holder,63,P14
A0000993,Regina Meyers,593,P2
A0000994,Madison Park,300,P13
A0000995,Caylee Mccormick,44,P5
A0000996,Damaris Andersen,643,P18
A0000997,Jamarion Silva,196,P20
A0000998,Marilyn Lozano,126,P12
A0000999,Lana Garrett,17,P3
A0001000,Karen Dorsey,393,P13
A0001001,Jaylee Flynn,98,P5
A0001002,Devon Wilson,782,P19
A0001003,Jillian Lane,806,P18
A0001004,Angel Adams,649,P10
A0001005,Fernanda Zhang,491,P6
A0001006,Anika Floyd,807,P7
A0001007,Jeffery Patrick,110,P1
A0001008,Helen Russell,641,P12
A0001009,Desiree Bender,779,P19
A0001010,Lance Mcpherson,133,P4
A0001011,Angelique Phelps,237,P11
A0001012,Ezequiel Neal,811,P8
A0001013,Miracle Mathis,241,P12
A0001014,Danika Chaney,674,P14
A0001015,April Christensen,533,P6
A0001016,Pablo Hardy,725,P14
A0001017,Hannah Crawford,25,P18
A0001018,Alvaro Ewing,711,P6
A0001019,Payton Coffey,867,P1
A0001020,Lindsey Kramer,252,P5
A0001021,Raiden Bright,943,P16
A0001022,Heaven Bartlett,27,P15
A0001023,Brendan Gardner,855,P17
A0001024,Shawn Sellers,872,P4
A0001025,Ana Payne,191,P7
A0001026,Lisa Cameron,541,P16
A0001027,Halle Charles,675,P17
A0001028,Jaelyn Carroll,780,P2
A0001029,Carmelo Hurst,843,P15
A0001030,Kareem Combs,225,P20
A0001031,Gia Patton,191,P5
A0001032,Malaki Vang,649,P1
A0001033,Cyrus Harper,550,P9
A0001034,Angie Finley,509,P3
A0001035,Annalise Kent,419,P11
A0001036,Cindy Patterson,974,P20
A0001037,Lincoln Walker,347,P18
A0001038,Kole Erickson,82,P2
A0001039,Cameron Nielsen,120,P8
A0001040,Chase Gomez,929,P19
A0001041,Emelia Meyers,627,P3
A0001042,Holden Simmons,155,P20
A0001043,Easton King,735,P13
A0001044,Jayce Gibson,368,P3
A0001045,Brodie Chan,416,P1
A0001046,Mohamed Munoz,183,P6
A0001047,Irene Gardner,667,P16
A0001048,Lana Lucas,556,P8
A0001049,Desmond Fletcher,67,P13
A0001050,Amelia Rush,789,P1
A0001051,Courtney Mccoy,845,P7
A0001052,Ariana Wagner,242,P3
A0001053,Margaret Walsh,452,P10
A0001054,Kobe Braun,700,P15
A0001055,Ben Campbell,773,P5
A0001056,Macy Roberts,195,P2
A0001057,Nicholas Maynard,256,P6
A0001058,Cruz Shea,779,P7
A0001059,Azul Kelly,349,P7
A0001060,Zachery Harmon,450,P3
A0001061,Sylvia Harris,759,P3
A0001062,Seth Rasmussen,949,P7
A0001063,Jamarcus Mclean,213,P4
A0001064,Shayna Benton,296,P2
A0001065,Corbin Rollins,244,P1
A0001066,Anne Frederick,243,P7
A0001067,Simon Powers,731,P12
A0001068,Kelsey Chandler,1,P4
A0001069,Addisyn Conrad,328,P16
A0001070,Madyson Winters,579,P3
A0001071,Declan Donaldson,206,P5
A0001072,Brayan Hall,429,P4
A0001073,Maia Kelley,843,P17
A0001074,Frida Schwartz,519,P20
A0001075,Abbey Norton,595,P7
A0001076,Rigoberto Mercer,806,P15
A0001077,Danika Craig,37,P14
A0001078,Precious Townsend,591,P7
A0001079,Sam Thornton,343,P20
A0001080,Kinley Bonilla,391,P11
A0001081,Keely Cunningham,285,P12
A0001082,Howard Stone,326,P6
A0001083,Milton Baldwin,827,P1
A0001084,Stanley Rojas,474,P4
A0001085,Marilyn Cunningham,207,P13
A0001086,Dawson Beltran,384,P1
A0001087,Lorelai Tran,875,P11
A0001088,Gina Bird,686,P15
A0001089,Draven Delgado,658,P20
A0001090,Julianne Welch,676,P6
A0001091,Jeramiah Manning,87,P2
A0001092,Aubrey Dunlap,111,P3
A0001093,Ryland Ross,139,P3
A0001094,Jakob Stafford,774,P12
A0001095,Jaxson Hamilton,610,P16
A0001096,Kaylynn Larson,197,P20
A0001097,Landon Brown,856,P10
A0001098,Damon Herrera,953,P9
A0001099,Kayden Richard,341,P12
A0001100,Reese Adkins,338,P17
A0001101,Mitchell Livingston,556,P10
A0001102,Bria Ward,893,P2
A0001103,Aurora Avery,270,P13
A0001104,Emelia Werner,752,P11
A0001105,Paxton Cortez,459,P9
A0001106,Madalynn Mejia,759,P14
A0001107,Amari Elliott,588,P8
A0001108,Adelyn Hardy,964,P2
A0001109,Aden Frederick,758,P4
A0001110,Maximo Ortiz,664,P17
A0001111,Jacoby Estes,576,P15
A0001112,Elian Barton,515,P3
A0001113,Joseph Summers,843,P19
A0001114,Carley Sawyer,698,P6
A0001115,Tamia Stafford,502,P3
A0001116,Sincere Andrade,1,P16
A0001117,Parker Hawkins,404,P8
A0001118,Amari Fitzpatrick,301,P10
A0001119,Deanna Beasley,952,P8
A0001120,Cole Rodgers,903,P2
A0001121,Malcolm Villanueva,927,P16
A0001122,Zachary Meyers,238,P13
A0001123,Destiney Sampson,240,P8
A0001124,Isaias Franklin,826,P14
A0001125,Myah Bird,702,P12
A0001126,Barbara Clarke,126,P18
A0001127,Jarrett Goodwin,816,P9
A0001128,Conor Walker,7,P2
A0001129,Francesca Benjamin,213,P11
A0001130,Ximena Morrow,427,P11
A0001131,Alexis Meza,375,P12
A0001132,Addison Clarke,328,P14
A0001133,Veronica Christian,250,P12
A0001134,Rhett Stokes,693,P7
A0001135,Terry Woodward,904,P12
A0001136,Devin Lozano,569,P8
A0001137,Nathen Tran,502,P13
A0001138,Giada Rubio,365,P12
A0001139,Jared Bean,978,P2
A0001140,Kamora Lucero,975,P3
A0001141,Francesca Haas,297,P16
A0001142,Jakob Foley,336,P1
A0001143,Royce Kirby,811,P19
A0001144,Simon Smith,796,P10
A0001145,Ben Abbott,709,P12
A0001146,Jane Luna,214,P20
A0001147,Sydney Munoz,428,P18
A0001148,Dane Pacheco,514,P13
A0001149,Hudson Woodard,747,P17
A0001150,Darius Chen,916,P20
A0001151,Deanna Sanford,115,P9
A0001152,Deshawn Figueroa,671,P19
A0001153,Carmen Vang,540,P6
A0001154,Darrell Clayton,596,P13
A0001155,Mila Schroeder,315,P2
A0001156,Nyla Vaughan,957,P17
A0001157,Brayan Johnston,756,P3
A0001158,Jimmy Horton,535,P12
A0001159,Britney Espinoza,171,P13
A0001160,Amelia Grant,391,P20
A0001161,Rachael Walker,428,P6
A0001162,Chaya Galvan,710,P13
A0001163,Ingrid Nelson,191,P4
A0001164,Justice Hurst,297,P3
A0001165,Valentina Herman,434,P1
A0001166,Gaige Manning,744,P8
A0001167,Camryn Fuentes,710,P9
A0001168,Kaylie Maynard,327,P11
A0001169,Nasir Carter,574,P1
A0001170,Claudia Sanford,371,P13
A0001171,Kendall Mccoy,940,P19
A0001172,Adyson Franco,26,P7
A0001173,Kyan Kent,757,P5
A0001174,Perla Fuller,214,P20
A0001175,Naima Moyer,267,P9
A0001176,Deborah Fernandez,643,P8
A0001177,Logan Calhoun,636,P11
A0001178,Kendall Reeves,790,P11
A0001179,Maci Lewis,842,P5
A0001180,Sarah Robinson,994,P8
A0001181,Aliza Khan,354,P16
A0001182,Jayden Santiago,339,P9
A0001183,Tabitha Jensen,592,P4
A0001184,Ray Austin,574,P19
A0001185,Piper Matthews,451,P11
A0001186,Peyton Wiley,911,P18
A0001187,Angeline Abbott,60,P17
A0001188,Libby Berg,658,P13
A0001189,Jerome Vincent,889,P6
A0001190,Kylan Mckinney,436,P14
A0001191,Victor Nunez,560,P4
A0001192,Nolan Whitney,996,P20
A0001193,Joe Benitez,203,P14
A0001194,Addyson Stephens,261,P9
A0001195,Shania Bruce,985,P19
A0001196,Lauryn Wu,660,P10
A0001197,Saul Ochoa,193,P2
A0001198,Jase Brandt,188,P18
A0001199,Dalia Ochoa,738,P14
A0001200,Malia Montgomery,846,P11
A0001201,Benjamin Oconnell,795,P16
A0001202,Jax Hall,493,P19
A0001203,Mya Huerta,990,P18
A0001204,Anna Tyler,549,P2
A0001205,Alannah Pruitt,243,P19
A0001206,Mohammed Wade,956,P10
A0001207,Jadyn Watson,951,P16
A0001208,Javon Bird,651,P4
A0001209,Aedan Navarro,251,P20
A0001210,Carina Chan,194,P2
A0001211,Nola Stuart,285,P3
A0001212,Carolina Moyer,927,P7
A0001213,Steve Woodard,34,P13
A0001214,Quincy Perkins,133,P10
A0001215,Luna Larsen,811,P13
A0001216,Zackary Bright,870,P17
A0001217,Jeffrey Stephens,499,P1
A0001218,Elijah Schwartz,578,P18
A0001219,Aldo Nelson,496,P1
A0001220,Karley Donaldson,873,P4
A0001221,Bradley Orozco,477,P19
A0001222,Gavin Frost,651,P3
A0001223,Brylee Murray,706,P18
A0001224,Anne Mcmillan,580,P4
A0001225,Phoebe Underwood,861,P19
A0001226,Kadyn Clements,693,P13
A0001227,Deven Gill,831,P2
A0001228,Essence Kirk,925,P12
A0001229,Sidney Porter,611,P8
A0001230,Kamryn Davies,798,P12
A0001231,Meadow Spears,417,P16
A0001232,Scott Cooley,19,P9
A0001233,Jason Bruce,27,P1
A0001234,Lucian Fernandez,630,P20
A0001235,Braylon Wiggins,718,P8
A0001236,Nikolai Curry,934,P6
A0001237,Jasiah Guerra,868,P17
A0001238,Jovani Gould,745,P3
A0001239,Brent Hooper,191,P17
A0001240,Shyann Adkins,635,P16
A0001241,Gregory Henson,922,P18
A0001242,Heather Curtis,38,P19
A0001243,Payten Joseph,997,P17
A0001244,Aidyn Mueller,584,P4
A0001245,Aylin Ellison,510,P9
A0001246,Turner Banks,154,P3
A0001247,Jazmyn Forbes,291,P6
A0001248,Skyler Mccormick,772,P12
A0001249,Louis Delgado,918,P5
A0001250,Blake David,801,P18
A0001251,Edwin Evans,130,P15
A0001252,Jaylyn Lang,351,P15
A0001253,Luz Burgess,481,P15
A0001254,Samir Haley,186,P20
A0001255,Kendrick Welch,488,P19
A0001256,Cali White,882,P3
A0001257,Clara Bullock,106,P8
A0001258,Jessie Dunlap,734,P13
A0001259,Zara George,592,P2
A0001260,Marley Gaines,535,P17
A0001261,Kaiya Hendrix,589,P17
A0001262,Taniyah Hendrix,917,P11
A0001263,Arnav Bautista,16,P13
A0001264,Odin Gamble,328,P20
A0001265,Gustavo Wong,407,P5
A0001266,Trevon Barnes,136,P3
A0001267,Abram Acevedo,660,P4
A0001268,Amiya Mendoza,565,P20
A0001269,Arianna Robertson,843,P20
A0001270,Kolton Rich,619,P7
A0001271,Finley Pratt,165,P8
A0001272,Trinity Sandoval,20,P17
A0001273,Demetrius Hess,567,P17
A0001274,Estrella Camacho,979,P1
A0001275,Xander Blevins,451,P4
A0001276,Valentino Juarez,912,P17
A0001277,Myla Banks,362,P15
A0001278,Alyssa Baldwin,106,P11
A0001279,Brady Walton,645,P5
A0001280,Messiah Hayden,976,P3
A0001281,Maria Johns,156,P3
A0001282,Adan Paul,183,P18
A0001283,Alejandro Erickson,251,P15
A0001284,Karina Nguyen,459,P11
A0001285,Joaquin Tapia,803,P12
A0001286,Callum Page,147,P19
A0001287,Faith Braun,395,P4
A0001288,Yael Lozano,190,P13
A0001289,Lilly Martin,342,P5
A0001290,Rohan Ritter,499,P3
A0001291,Taylor Stanley,817,P18
A0001292,Willie Greer,437,P3
A0001293,Ireland Rodgers,364,P3
A0001294,Kylan Duke,86,P4
A0001295,Emmy Taylor,403,P15
A0001296,Emely Rowland,800,P19
A0001297,Felicity Johnston,546,P14
A0001298,Valentina Gross,130,P5
A0001299,Junior Jones,53,P1
A0001300,Pablo Moyer,318,P17
A0001301,Dalia Ortega,922,P2
A0001302,Guadalupe Proctor,854,P11
A0001303,Jolie Vargas,60,P15
A0001304,Makenna Dudley,525,P12
A0001305,Denzel Ellison,811,P7
A0001306,Charles Graves,51,P18
A0001307,Lyric Payne,841,P7
A0001308,Iyana Webb,199,P6
A0001309,Boston Cuevas,768,P17
A0001310,Johnathan Frye,695,P17
A0001311,Ashleigh Irwin,584,P3
A0001312,Bryan Patel,253,P5
A0001313,Amirah Leblanc,18,P5
A0001314,Braedon Hubbard,154,P12
A0001315,Jaquan Peck,345,P5
A0001316,Eileen Eaton,389,P18
A0001317,Jaylan Andersen,929,P5
A0001318,Jaydan Robbins,618,P5
A0001319,Keely Morrow,669,P4
A0001320,Harley Madden,644,P9
A0001321,Aspen Franklin,212,P4
A0001322,Bianca Green,218,P19
A0001323,Selina Cook,238,P7
A0001324,Marcus Santiago,102,P9
A0001325,Malakai George,400,P7
A0001326,Dania Ayala,104,P14
A0001327,Kaylin Koch,613,P6
A0001328,Immanuel Fowler,30,P8
A0001329,Dominik Stuart,427,P11
A0001330,Gabriela Graves,112,P19
A0001331,Khloe Cunningham,599,P9
A0001332,Giada Wallace,316,P19
A0001333,Kinley Mcdaniel,390,P14
A0001334,Karlie Greer,419,P19
A0001335,Peyton Hayes,485,P13
A0001336,Moriah Salas,200,P5
A0001337,Orlando Saunders,307,P8
A0001338,Mercedes Sanford,562,P1
A0001339,Jolie Olsen,608,P9
A0001340,Ayaan Munoz,889,P14
A0001341,Elisa Strickland,154,P12
A0001342,Camryn Bennett,957,P16
A0001343,Justine York,830,P2
A0001344,George Thomas,484,P3
A0001345,Abel Ross,984,P17
A0001346,Gianni Fitzpatrick,683,P5
A0001347,Macey Davis,251,P4
A0001348,Xzavier Shah,904,P15
A0001349,Cyrus Estes,495,P20
A0001350,Zayne House,67,P3
A0001351,Diamond Ward,564,P16
A0001352,Marley Bauer,983,P9
A0001353,Roselyn Nguyen,482,P6
A0001354,Sylvia Howard,973,P8
A0001355,Seamus Waller,346,P10
A0001356,Andreas Travis,658,P1
A0001357,Abbey Erickson,490,P5
A0001358,Yoselin Lynn,533,P4
A0001359,Aracely Wilson,963,P9
A0001360,Kaleigh Avila,396,P8
A0001361,Lucy Acosta,449,P4
A0001362,Kristian Mccann,1,P13
A0001363,Alec Snyder,442,P3
A0001364,Amber Booth,263,P2
A0001365,Emery Roach,291,P18
A0001366,Derek Powell,310,P4
A0001367,Aldo Roth,941,P11
A0001368,Giovanny Mccullough,49,P11
A0001369,Braeden Marsh,381,P17
A0001370,Lainey Pittman,959,P16
A0001371,Cortez Hudson,351,P15
A0001372,Jaylen Rhodes,784,P5
A0001373,Kristen Berg,890,P15
A0001374,Amiah Clarke,801,P20
A0001375,Evelin Rasmussen,462,P19
A0001376,Neveah Aguilar,77,P8
A0001377,Reid Weeks,830,P6
A0001378,Jaida Mccarty,759,P16
A0001379,Yosef Brady,418,P15
A0001380,John Robbins,245,P4
A0001381,Jaylah Keller,10,P13
A0001382,Mekhi Wright,536,P11
A0001383,Kenny Preston,665,P1
A0001384,Krista Fowler,633,P17
A0001385,Jack Griffin,352,P5
A0001386,Ronan Evans,448,P20
A0001387,Jax Woods,323,P5
A0001388,Hezekiah Stanley,679,P18
A0001389,Carlie Simpson,399,P2
A0001390,Aylin Peters,338,P15
A0001391,Allan Young,369,P3
A0001392,Mareli Mendoza,460,P14
A0001393,Gabrielle Mccann,481,P3
A0001394,Donte Oneill,560,P16
A0001395,Asher Mccarty,698,P18
A0001396,Kellen Good,196,P8
A0001397,Ayden Doyle,55,P3
A0001398,Braiden Beck,651,P10
A0001399,Gracelyn Rich,323,P3
A0001400,Emilee Combs,220,P2
A0001401,Tamara Kent,432,P8
A0001402,Luis Cameron,308,P16
A0001403,Gerald Woodward,895,P12
A0001404,Jackson Blackburn,251,P5
A0001405,Desirae Mccall,399,P19
A0001406,Cameron Barker,461,P7
A0001407,Bryson Hensley,420,P12
A0001408,Elijah Mccoy,423,P8
A0001409,Elliot Bridges,973,P13
A0001410,Bianca Cantrell,409,P7
A0001411,Malcolm Bryan,202,P20
A0001412,Jane Fletcher,695,P10
A0001413,Raiden Schwartz,992,P7
A0001414,Bryce Oconnor,718,P14
A0001415,Jazlyn Riggs,29,P19
A0001416,Kaylen Doyle,101,P2
A0001417,Alexandra Ellison,402,P16
A0001418,Kaitlyn Stein,860,P7
A0001419,Bryce Ross,222,P3
A0001420,Alyvia Jacobson,660,P9
A0001421,Wilson Gonzalez,373,P17
A0001422,Declan Mathews,238,P18
A0001423,Sterling Hoover,376,P1
A0001424,Melvin Hoover,685,P5
A0001425,Akira Lucero,281,P15
A0001426,Ezekiel Mclaughlin,651,P7
A0001427,June Shepherd,870,P18
A0001428,Alvin Morse,213,P14
A0001429,Antoine Robertson,288,P3
A0001430,Logan Stevens,892,P3
A0001431,Finley Macias,927,P15
A0001432,Beckham Munoz,852,P6
A0001433,Belen Gallegos,833,P11
A0001434,Chad Singh,731,P7
A0001435,Saul James,388,P7
A0001436,Jacey Hines,800,P19
A0001437,Johnathan Yoder,721,P10
A0001438,Gerardo Fisher,74,P10
A0001439,Charlize Myers,962,P20
A0001440,Dominik Knapp,942,P17
A0001441,Sophie David,743,P3
A0001442,Gianna Bowen,800,P13
A0001443,Chance Mcconnell,317,P17
A0001444,Gretchen Villarreal,414,P8
A0001445,Elvis Guerrero,885,P13
A0001446,Ingrid Lindsey,927,P10
A0001447,Kylie Yoder,862,P4
A0001448,Lia Sims,608,P19
A0001449,Bridger Mccormick,212,P5
A0001450,Abagail Lin,148,P14
A0001451,Lea Cowan,350,P18
A0001452,Brice Bean,4,P9
A0001453,Milton Yu,60,P17
A0001454,Heidi Christian,845,P19
A0001455,Damarion Sullivan,21,P8
A0001456,Ally Mcdowell,497,P1
A0001457,Deangelo Kim,827,P13
A0001458,Yaritza Rocha,519,P2
A0001459,Areli Marsh,822,P13
A0001460,Memphis Maxwell,954,P18
A0001461,Johnathon Fields,72,P1
A0001462,Maverick Wilkinson,681,P6
A0001463,Giana Frost,66,P19
A0001464,Deja Haley,581,P12
A0001465,Karina Braun,186,P9
A0001466,Marlie Moody,829,P18
A0001467,Savannah Flynn,969,P17
A0001468,Griffin Lang,408,P19
A0001469,Uriel West,409,P3
A0001470,Ali Wolf,612,P6
A0001471,Dulce Flynn,74,P17
A0001472,Melissa Perkins,328,P20
A0001473,Areli Sosa,777,P7
A0001474,Reynaldo Todd,526,P17
A0001475,Leyla Underwood,768,P11
A0001476,Macy Dillon,265,P15
A0001477,Jaiden Forbes,839,P9
A0001478,Brady Davila,810,P20
A0001479,Catherine Hutchinson,789,P4
A0001480,Mylee Golden,719,P9
A0001481,Helen Carey,730,P15
A0001482,Tamia Walls,927,P10
A0001483,Jacqueline Mccullough,437,P18
A0001484,Stacy Kelley,67,P9
A0001485,Adrien Walsh,431,P5
A0001486,Larry Morton,902,P12
A0001487,Jaidyn Choi,806,P10
A0001488,Misael Chaney,22,P2
A0001489,Keagan Duke,259,P13
A0001490,Tyson Casey,4,P5
A0001491,Yahir Landry,997,P1
A0001492,Jaron Cantrell,357,P13
A0001493,Esperanza Knight,571,P3
A0001494,Justin Oneal,683,P12
A0001495,Gina Floyd,2,P1
A0001496,Warren Saunders,141,P9
A0001497,Chloe Porter,763,P4
A0001498,Ramon Reynolds,799,P12
A0001499,Linda Stein,351,P3
A0001500,Franklin Wiggins,513,P15
A0001501,Celia Peterson,428,P3
A0001502,Carolyn Lambert,496,P14
A0001503,Devyn Calderon,321,P8
A0001504,Clare Nichols,691,P18
A0001505,Royce Wall,877,P3
A0001506,Bella Keller,686,P7
A0001507,Dean Whitney,501,P17
A0001508,Krista Stafford,838,P4
A0001509,Ashley Ferrell,274,P1
A0001510,Baron Pope,514,P2
A0001511,Phillip Cochran,66,P11
A0001512,Finley Lara,584,P18
A0001513,Milagros Cervantes,337,P20
A0001514,Luka Patterson,373,P5
A0001515,Jaylee Rice,819,P11
A0001516,Ansley Gay,967,P10
A0001517,Gavin Prince,516,P11
A0001518,Lauryn Booth,781,P8
A0001519,Kayleigh Meyers,61,P11
A0001520,Gina Burgess,450,P12
A0001521,Jamya Ryan,118,P1
A0001522,Nathalie Delacruz,503,P16
A0001523,Annika Webster,917,P14
A0001524,Alan Gilbert,85,P19
A0001525,Pierre Jefferson,793,P10
A0001526,Patrick Boyle,263,P12
A0001527,Zayden Meyers,265,P4
A0001528,Tucker Vincent,73,P17
A0001529,Chloe Galloway,699,P13
A0001530,Trevor Arnold,920,P16
A0001531,Andrea Rivers,832,P19
A0001532,Konner Brown,590,P5
A0001533,Marvin Galvan,350,P19
A0001534,Keenan Riley,12,P5
A0001535,Dayanara Chan,42,P3
A0001536,Dixie Howell,989,P3
A0001537,Orlando Boyer,679,P13
A0001538,Maleah Maynard,542,P18
A0001539,Emely Campbell,887,P16
A0001540,Kendall Gregory,962,P16
A0001541,Axel Krause,664,P5
A0001542,Kaliyah Lowe,100,P14
A0001543,Raegan Clay,332,P1
A0001544,Laura Merritt,62,P9
A0001545,Aliana Kent,94,P13
A0001546,Gaven Castillo,817,P1
A0001547,Gilberto Velez,40,P12
A0001548,Lewis Zhang,157,P1
A0001549,Magdalena Murray,871,P7
A0001550,Andrea Cohen,141,P4
A0001551,Enzo Potter,522,P11
A0001552,Jaylen Burns,636,P20
A0001553,Carla Knapp,916,P18
A0001554,Efrain Howe,7,P14
A0001555,Bryant Anthony,757,P1
A0001556,Kaydence Riley,80,P8
A0001557,Muhammad Calhoun,166,P1
A0001558,Nehemiah Marks,968,P16
A0001559,Nancy Henry,871,P16
A0001560,Brooke Leonard,325,P13
A0001561,Rigoberto Chandler,727,P4
A0001562,Kylie Wagner,9,P16
A0001563,Abigail Cochran,668,P15
A0001564,Yurem Frank,566,P11
A0001565,Romeo Wade,837,P7
A0001566,Dangelo Barron,805,P2
A0001567,Tristian Sims,848,P4
A0001568,Kirsten Noble,48,P3
A0001569,Kayla Cobb,1000,P19
A0001570,Makai Schultz,131,P7
A0001571,Issac Giles,410,P5
A0001572,Oscar Beltran,100,P7
A0001573,Colin Gray,286,P11
A0001574,Giovani Mejia,227,P14
A0001575,Lewis Lloyd,900,P9
A0001576,Quintin Hendrix,792,P4
A0001577,Kassidy Sloan,973,P13
A0001578,Leandro Howell,431,P2
A0001579,Warren Barker,396,P20
A0001580,Marlie Frey,666,P9
A0001581,Dawson Kline,970,P17
A0001582,Mohammed Burton,962,P19
A0001583,Keyla Christian,832,P20
A0001584,Victor Bradford,449,P8
A0001585,Araceli Terry,55,P11
A0001586,Edgar Mccann,756,P6
A0001587,Angel Lowery,218,P14
A0001588,Jazmyn Riggs,4,P2
A0001589,Aniyah Reeves,640,P16
A0001590,Eric Romero,768,P13
A0001591,Shyanne Shea,705,P18
A0001592,Zion Galloway,461,P9
A0001593,Aidan Castro,288,P15
A0001594,Guillermo Freeman,780,P2
A0001595,Elizabeth Conley,973,P17
A0001596,Adalynn George,718,P12
A0001597,Abagail Frazier,980,P14
A0001598,Jordan Hodge,648,P6
A0001599,Briley Fox,928,P17
A0001600,Talon Callahan,559,P1
A0001601,Hailie Bautista,775,P8
A0001602,Devon Perkins,683,P12
A0001603,Todd Archer,944,P17
A0001604,Carter Holden,182,P6
A0001605,Luka Gaines,571,P19
A0001606,Kara Trujillo,822,P9
A0001607,Audrina Wood,404,P1
A0001608,Randy Gallegos,75,P14
A0001609,Aubrey Barry,554,P7
A0001610,Carlie Atkins,401,P15
A0001611,Lisa Fuller,752,P13
A0001612,Raul Delgado,863,P17
A0001613,Carsen Carrillo,899,P18
A0001614,Mira Paul,820,P10
A0001615,Anderson Lane,13,P16
A0001616,Kylie Webster,86,P14
A0001617,Philip Cherry,220,P17
A0001618,Rylee Hoover,574,P4
A0001619,Brynn Waller,885,P16
A0001620,Wayne Mayo,691,P8
A0001621,Sarahi Travis,910,P9
A0001622,Issac Owen,692,P19
A0001623,Rhett Zimmerman,332,P12
A0001624,Liberty Singleton,695,P7
A0001625,Ismael Weaver,990,P6
A0001626,Brenna Hayes,453,P15
A0001627,Ross Hinton,207,P2
A0001628,Leonidas Wood,239,P13
A0001629,Casey Koch,417,P8
A0001630,Alfred Vincent,27,P5
A0001631,Tiara Lewis,681,P12
A0001632,Cindy Combs,880,P11
A0001633,Alivia Ball,963,P10
A0001634,Leia Bradford,966,P14
A0001635,Yusuf Sheppard,307,P4
A0001636,Cora Rios,884,P3
A0001637,Wilson Abbott,708,P4
A0001638,Josh House,266,P17
A0001639,Selena Love,71,P17
A0001640,Carly Morales,763,P13
A0001641,Madeleine Barron,469,P20
A0001642,Thomas Humphrey,427,P2
A0001643,Judith Little,19,P15
A0001644,Myles Oliver,815,P2
A0001645,Cristopher Hunter,374,P1
A0001646,Kolby Perry,642,P15
A0001647,Sydnee Cuevas,842,P11
A0001648,David Boyd,768,P1
A0001649,Brittany Dalton,15,P20
A0001650,Amare Chambers,238,P1
A0001651,Rafael Solis,429,P8
A0001652,Kaitlyn Hudson,932,P8
A0001653,Jayce Buck,941,P18
A0001654,Iris Ramsey,286,P10
A0001655,Bridger Leon,219,P6
A0001656,Aliana Ritter,443,P5
A0001657,Lilianna Dudley,214,P13
A0001658,Kristen Roy,14,P9
A0001659,Kaleigh Stanley,395,P18
A0001660,Corinne Estrada,422,P14
A0001661,Quinn Cole,14,P9
A0001662,Andrea Lowe,741,P16
A0001663,Steven Bryant,888,P15
A0001664,Angeline Alvarado,710,P7
A0001665,Kamila Garner,977,P18
A0001666,Raegan Foley,876,P13
A0001667,Frank Oconnell,715,P4
A0001668,Adelaide Khan,237,P17
A0001669,Geovanni Larsen,95,P3
A0001670,Zachary Clay,548,P7
A0001671,Howard Quinn,887,P2
A0001672,Ethan Villegas,19,P14
A0001673,Nyla Robles,212,P8
A0001674,Genesis King,162,P7
A0001675,Colton Barr,491,P13
A0001676,Yazmin Ewing,648,P13
A0001677,Grace Kirk,11,P3
A0001678,Chad Blackwell,587,P4
A0001679,Isai Logan,579,P1
A0001680,Ronald Brown,279,P15
A0001681,Lee Saunders,994,P16
A0001682,Kade Guerra,2,P20
A0001683,Easton Wise,554,P7
A0001684,Taniyah Zuniga,894,P4
A0001685,Kenneth Coleman,820,P20
A0001686,Rudy Levy,961,P17
A0001687,Urijah Daniels,164,P16
A0001688,Whitney Bowers,487,P7
A0001689,Agustin Dennis,131,P13
A0001690,Daniel Galloway,793,P3
A0001691,Lara Callahan,527,P19
A0001692,Bruce Cantu,248,P12
A0001693,Aleena Pham,179,P1
A0001694,Collin Bolton,310,P3
A0001695,Madeline Torres,507,P17
A0001696,Briley Hansen,947,P2
A0001697,Talia Velez,885,P4
A0001698,Emely Clay,442,P2
A0001699,Madelyn Hampton,918,P4
A0001700,Cornelius Pitts,898,P14
A0001701,Payton Shields,887,P18
A0001702,Jaquan Wade,240,P5
A0001703,Phoenix Yu,754,P5
A0001704,Patience Pruitt,461,P4
A0001705,Anaya Wolfe,702,P1
A0001706,Holly Barrera,179,P13
A0001707,Ignacio Sparks,782,P15
A0001708,Dayton Rodgers,115,P16
A0001709,Rylan Farmer,530,P6
A0001710,Alexandra Hanson,577,P12
A0001711,Makai Choi,624,P20
A0001712,Phoenix Crawford,131,P6
A0001713,Jonas Ibarra,29,P9
A0001714,Laci Delacruz,795,P15
A0001715,Tianna Blankenship,601,P12
A0001716,Hunter Simon,391,P18
A0001717,Orlando Simmons,540,P2
A0001718,Victor Wilcox,106,P15
A0001719,Kaylen Rhodes,390,P19
A0001720,Sofia Lopez,192,P10
A0001721,Kiera Arellano,592,P11
A0001722,Nina Duffy,841,P9
A0001723,Jay Miller,567,P12
A0001724,Osvaldo Harding,420,P5
A0001725,Colton David,596,P2
A0001726,Shayna Miranda,89,P14
A0001727,Landon Wade,247,P16
A0001728,Valentino Webster,508,P4
A0001729,Brooklynn Ramirez,102,P20
A0001730,Adrian Keith,408,P1
A0001731,Emmanuel Ross,747,P20
A0001732,Alfred Fischer,97,P18
A0001733,Dayanara David,288,P14
A0001734,Ronnie Barton,309,P20
A0001735,Rayan Ochoa,974,P17
A0001736,Vaughn Alvarez,291,P4
A0001737,Myles Huynh,507,P11
A0001738,Hailee Figueroa,413,P13
A0001739,Kristina Lindsey,595,P7
A0001740,William Herman,20,P1
A0001741,Sabrina Drake,239,P15
A0001742,Walter Mcclain,840,P9
A0001743,Mikayla Arnold,803,P13
A0001744,Mya Gallegos,55,P13
A0001745,Brennen Lewis,153,P7
A0001746,Paul Beltran,997,P20
A0001747,Pierre Wells,912,P4
A0001748,Jaxon Rasmussen,763,P20
A0001749,Janiyah Kline,255,P1
A0001750,Hallie Greer,680,P13
A0001751,Adrian Bryan,44,P11
A0001752,Kaelyn Banks,570,P4
A0001753,Carlee Hancock,519,P19
A0001754,Madisyn Reyes,742,P13
A0001755,Alexis Wyatt,187,P7
A0001756,Omar Horne,477,P5
A0001757,Brogan Tran,57,P18
A0001758,Liliana Knox,44,P16
A0001759,Maggie Reyes,740,P2
A0001760,Maliyah Pittman,819,P17
A0001761,Dale Duarte,567,P11
A0001762,Erik Gill,517,P7
A0001763,Elvis Gonzales,149,P5
A0001764,Franco Tucker,644,P13
A0001765,Carina Fletcher,379,P17
A0001766,Rodney Jarvis,392,P6
A0001767,Violet Woods,503,P11
A0001768,Larissa Velazquez,9,P6
A0001769,Skye Blair,209,P4
A0001770,Talia Fleming,472,P1
A0001771,Franco Reid,590,P2
A0001772,Mireya Buck,577,P14
A0001773,Gillian Huynh,959,P19
A0001774,Catalina White,24,P8
A0001775,Whitney Weiss,343,P15
A0001776,Helen Huerta,746,P12
A0001777,Keegan Michael,637,P10
A0001778,Coleman Novak,818,P18
A0001779,Dominik Shepherd,590,P15
A0001780,Jamari Cabrera,700,P15
A0001781,Brynlee Henry,318,P3
A0001782,Zion Randall,936,P6
A0001783,Brennen Beard,168,P16
A0001784,Edgar Dillon,716,P15
A0001785,Matthias Kerr,646,P1
A0001786,Samuel Cain,789,P9
A0001787,Jett Mcclure,838,P10
A0001788,Hayley Lam,511,P7
A0001789,Jasmin Davila,546,P13
A0001790,Kaley Mcintyre,154,P20
A0001791,Hannah David,70,P4
A0001792,Colin Weeks,220,P5
A0001793,Zechariah Dunlap,38,P1
A0001794,Adison Todd,826,P12
A0001795,Sidney Odonnell,338,P9
A0001796,Orion Michael,871,P3
A0001797,Edward Strickland,635,P7
A0001798,Amiya Rosario,812,P13
A0001799,Brent Soto,355,P9
A0001800,Dereon Ellis,182,P18
A0001801,Stephanie Meadows,117,P2
A0001802,Marcos Sherman,124,P3
A0001803,Rubi Haynes,986,P4
A0001804,Zavier Park,464,P18
A0001805,Lizeth Howe,955,P14
A0001806,Marianna Reeves,52,P17
A0001807,Conrad Vaughan,317,P4
A0001808,Marquise Burton,563,P9
A0001809,Emmett Fitzgerald,942,P12
A0001810,Byron Johns,261,P5
A0001811,Dalia Branch,265,P8
A0001812,Deven Haynes,297,P20
A0001813,Maddison Glover,668,P11
A0001814,Cooper Hodges,311,P8
A0001815,Malachi Trujillo,464,P11
A0001816,Jaden Macias,636,P3
A0001817,Macey Hughes,626,P10
A0001818,Santino Tapia,163,P19
A0001819,Ean Ford,504,P11
A0001820,Everett Gardner,157,P18
A0001821,Jax Wu,113,P19
A0001822,Breanna Serrano,793,P20
A0001823,Noemi Cochran,127,P13
A0001824,Rory Small,920,P10
A0001825,Declan Oneal,238,P5
A0001826,Mariyah Hickman,317,P6
A0001827,Reginald Gonzales,809,P1
A0001828,Shawn Cordova,771,P15
A0001829,Kaia Branch,966,P17
A0001830,Harley Vaughan,598,P20
A0001831,Izabella Braun,940,P4
A0001832,Irene Zamora,349,P19
A0001833,Abbey Herring,975,P14
A0001834,Erica Castillo,109,P6
A0001835,Paula Rangel,63,P14
A0001836,Marin Wise,616,P5
A0001837,Mariah Wolfe,234,P15
A0001838,Luciana Villanueva,327,P8
A0001839,Charlize Schmitt,725,P10
A0001840,Cierra Mccall,383,P9
A0001841,Macey Pineda,153,P5
A0001842,Kason Hendricks,60,P8
A0001843,Madalynn Cortez,522,P13
A0001844,Angelica Grimes,894,P5
A0001845,Harry Kemp,921,P17
A0001846,Londyn English,964,P9
A0001847,Caitlyn Mckenzie,623,P4
A0001848,Zachariah Dunn,682,P4
A0001849,Chaim Orozco,708,P8
A0001850,Allisson Cooper,338,P4
A0001851,Payten Fisher,207,P20
A0001852,Roderick Dickson,680,P19
A0001853,Moses Richard,870,P18
A0001854,Daisy Meadows,652,P20
A0001855,Daniela Johnston,460,P13
A0001856,Joey Norton,736,P1
A0001857,Kaliyah Barton,35,P11
A0001858,Chanel Bush,783,P5
A0001859,Yamilet Haas,183,P12
A0001860,Sammy Mcgrath,385,P11
A0001861,Korbin Fields,484,P6
A0001862,Miah Mcfarland,615,P11
A0001863,Kelsie Reyes,281,P15
A0001864,Vincent Mata,464,P16
A0001865,Katie Hughes,232,P15
A0001866,Emery Nash,457,P17
A0001867,Brian Roberson,907,P11
A0001868,Jazlene Hubbard,22,P7
A0001869,Maya Wilkins,931,P6
A0001870,Mara Woods,358,P13
A0001871,Rosa Roy,81,P18
A0001872,Maeve Yates,148,P18
A0001873,Deshawn Weeks,353,P5
A0001874,Reagan Ritter,314,P20
A0001875,Linda Baker,744,P12
A0001876,Myla Sandoval,561,P20
A0001877,Yael Haas,661,P6
A0001878,Enzo Brock,944,P8
A0001879,Parker Mack,92,P2
A0001880,Marcus Nichols,12,P17
A0001881,Hassan Deleon,516,P16
A0001882,Heather Tanner,514,P20
A0001883,Ty Carroll,238,P2
A0001884,Kiley Weber,444,P16
A0001885,Marlon Lynn,483,P6
A0001886,Maribel Green,456,P13
A0001887,Abigail Osborne,386,P16
A0001888,Amani Turner,788,P16
A0001889,Kobe Morales,163,P5
A0001890,Samson Carey,598,P12
A0001891,Luca Black,282,P5
A0001892,Kyan Harris,137,P6
A0001893,Lana Cole,91,P18
A0001894,Milagros Rangel,8,P12
A0001895,Brielle Bean,222,P19
A0001896,Esmeralda Parker,962,P19
A0001897,Patricia Nichols,14,P11
A0001898,Aarav Bradford,219,P18
A0001899,Joshua Maldonado,389,P5
A0001900,Kael Miller,70,P17
A0001901,Emely Mcintyre,97,P6
A0001902,Madeline Mccormick,529,P6
A0001903,Davis Hobbs,819,P10
A0001904,Alexander Barber,727,P3
A0001905,Derrick Powell,501,P6
A0001906,Sabrina Taylor,871,P4
A0001907,Clay Cooper,973,P4
A0001908,Lia Ramirez,782,P10
A0001909,Memphis Caldwell,852,P14
A0001910,Keenan Tanner,921,P9
A0001911,Aubrey Valenzuela,178,P16
A0001912,Rayan Gallagher,897,P9
A0001913,Jeremy Ball,594,P1
A0001914,Aron Mccarty,1,P18
A0001915,Ben Singleton,184,P10
A0001916,Miah Kirk,26,P1
A0001917,Selah Michael,602,P19
A0001918,Monique Lee,404,P4
A0001919,Quinton Browning,889,P6
A0001920,Paul Lucero,379,P14
A0001921,Julia Oconnor,127,P6
A0001922,Evangeline Dougherty,210,P1
A0001923,Rhett Cooper,432,P9
A0001924,Rhys Krause,153,P3
A0001925,Lucas Jordan,478,P5
A0001926,Philip Burgess,132,P15
A0001927,Sullivan Rivas,117,P13
A0001928,Marques Wise,430,P14
A0001929,Linda Glass,87,P15
A0001930,Milton Bartlett,401,P5
A0001931,Claudia Case,600,P6
A0001932,Haiden Gould,527,P16
A0001933,Lexie Gallegos,25,P5
A0001934,Ramiro Reeves,328,P1
A0001935,Kayleigh Woodard,435,P6
A0001936,Ayanna Townsend,650,P13
A0001937,Tamara Richard,475,P2
A0001938,Reese Cooke,845,P19
A0001939,Dominique Mack,909,P4
A0001940,Melvin Wilson,113,P13
A0001941,Dakota Medina,113,P2
A0001942,William Giles,367,P4
A0001943,Olivia Mendoza,882,P4
A0001944,Jordan Mckinney,931,P9
A0001945,Noe Rosales,319,P11
A0001946,Nick Johnston,257,P2
A0001947,Antony Hinton,381,P14
A0001948,Adam Fitzgerald,434,P16
A0001949,Darian Powers,401,P8
A0001950,Jakob Orozco,905,P20
A0001951,Aryana Vang,858,P18
A0001952,Skylar Moyer,869,P18
A0001953,Ethen Branch,600,P19
A0001954,Quinn Mcclure,958,P14
A0001955,Kadence Flynn,65,P1
A0001956,Krystal Rodriguez,799,P13
A0001957,Bella Carney,275,P15
A0001958,Rishi Sanders,3,P14
A0001959,Mina Rocha,78,P13
A0001960,Lyla Whitney,44,P1
A0001961,Janessa Velez,315,P19
A0001962,Cecilia Watkins,725,P12
A0001963,Noah Friedman,910,P16
A0001964,Karen Dunn,407,P19
A0001965,Sonny Gallagher,644,P1
A0001966,Malia Olsen,873,P8
A0001967,Mark Howe,687,P16
A0001968,Sebastian Lindsey,215,P11
A0001969,Remington Hoffman,762,P10
A0001970,Serenity Leonard,571,P2
A0001971,Abel Keller,622,P17
A0001972,Ismael Gardner,727,P9
A0001973,Araceli Ponce,283,P12
A0001974,Jarrett Downs,730,P19
A0001975,Braeden Briggs,630,P7
A0001976,Uriel Wright,359,P20
A0001977,Victor Garrett,365,P11
A0001978,Leslie Hood,49,P11
A0001979,Elliott Kirby,151,P10
A0001980,Santino Webb,384,P8
A0001981,Ireland Farmer,968,P5
A0001982,Jaylen Barnett,822,P12
A0001983,Keaton Clarke,475,P6
A0001984,Dallas Myers,41,P14
A0001985,Destinee Lang,357,P19
A0001986,Fernando Palmer,799,P18
A0001987,Kieran Carlson,739,P4
A0001988,Mackenzie Blake,546,P1
A0001989,Clayton Daugherty,776,P1
A0001990,Bo Casey,841,P17
A0001991,Alfredo Merritt,385,P10
A0001992,Christopher Potts,393,P4
A0001993,Ian Hendricks,925,P2
A0001994,Kaley Wilkerson,40,P5
A0001995,Penelope Williamson,187,P2
A0001996,Cale Beasley,560,P6
A0001997,Zechariah Logan,622,P6
A0001998,Avery Ward,678,P1
A0001999,Haven Wheeler,291,P5
A0002000,Aliyah Newton,246,P14
